Utm,Dist(m),Dist(km),Dist(mile),Dist(nautical miles)
21N 499500       0,0.000000e+00,0.000000e+00,0.000000e+00,0.000000e+00
21N 500500       0,1.000400e+03,1.000400e+00,6.216198e-01,5.401729e-01
